c_w,d_tresh,numGapJns,rep,spikeRate
0.0,0.0,0.0,0,279.4
0.0,0.0,0.0,1,275.88
0.0,0.0,0.0,2,279.68
0.2,0.0,0.0,0,279.06
0.2,0.0,0.0,1,278.02
0.2,0.0,0.0,2,276.02
0.4,0.0,0.0,0,2.86
0.4,0.0,0.0,1,277.92
0.4,0.0,0.0,2,278.02
0.6,0.0,0.0,0,280.4
0.6,0.0,0.0,1,279.98
0.6,0.0,0.0,2,273.88
0.8,0.0,0.0,0,271.48
0.8,0.0,0.0,1,283.78
0.8,0.0,0.0,2,281.54
1.0,0.0,0.0,0,284.52
1.0,0.0,0.0,1,285.14
1.0,0.0,0.0,2,282.24
1.2,0.0,0.0,0,280.78
1.2,0.0,0.0,1,278.94
1.2,0.0,0.0,2,282.92
1.4,0.0,0.0,0,281.2
1.4,0.0,0.0,1,280.58
1.4,0.0,0.0,2,269.04
1.6,0.0,0.0,0,285.34
1.6,0.0,0.0,1,280.94
1.6,0.0,0.0,2,276.76
1.8,0.0,0.0,0,281.34
1.8,0.0,0.0,1,285.04
1.8,0.0,0.0,2,280.26
2.0,0.0,0.0,0,285.06
2.0,0.0,0.0,1,285.78
2.0,0.0,0.0,2,280.54
2.2,0.0,0.0,0,283.3
2.2,0.0,0.0,1,275.44
2.2,0.0,0.0,2,276.14
2.4,0.0,0.0,0,280.08
2.4,0.0,0.0,1,283.14
2.4,0.0,0.0,2,282.2
2.6,0.0,0.0,0,280.9
2.6,0.0,0.0,1,282.22
2.6,0.0,0.0,2,285.18
2.8,0.0,0.0,0,279.92
2.8,0.0,0.0,1,272.74
2.8,0.0,0.0,2,282.04
3.0,0.0,0.0,0,281.76
3.0,0.0,0.0,1,277.18
3.0,0.0,0.0,2,282.98
3.2,0.0,0.0,0,281.06
3.2,0.0,0.0,1,282.42
3.2,0.0,0.0,2,275.02
3.4,0.0,0.0,0,282.12
3.4,0.0,0.0,1,281.14
3.4,0.0,0.0,2,280.6
3.6,0.0,0.0,0,281.96
3.6,0.0,0.0,1,284.78
3.6,0.0,0.0,2,278.5
3.8,0.0,0.0,0,285.32
3.8,0.0,0.0,1,279.66
3.8,0.0,0.0,2,281.62
0.0,0.1,0.0,0,281.46
0.0,0.1,0.0,1,285.1
0.0,0.1,0.0,2,284.22
0.2,0.1,0.0,0,282.82
0.2,0.1,0.0,1,276.58
0.2,0.1,0.0,2,283.86
0.4,0.1,0.0,0,284.98
0.4,0.1,0.0,1,281.32
0.4,0.1,0.0,2,280.04
0.6,0.1,0.0,0,281.54
0.6,0.1,0.0,1,275.84
0.6,0.1,0.0,2,271.6
0.8,0.1,0.0,0,282.86
0.8,0.1,0.0,1,282.9
0.8,0.1,0.0,2,282.86
1.0,0.1,0.0,0,282.04
1.0,0.1,0.0,1,271.6
1.0,0.1,0.0,2,281.68
1.2,0.1,0.0,0,277.98
1.2,0.1,0.0,1,275.22
1.2,0.1,0.0,2,280.08
1.4,0.1,0.0,0,284.0
1.4,0.1,0.0,1,277.66
1.4,0.1,0.0,2,282.72
1.6,0.1,0.0,0,284.36
1.6,0.1,0.0,1,279.12
1.6,0.1,0.0,2,284.1
1.8,0.1,0.0,0,274.26
1.8,0.1,0.0,1,277.0
1.8,0.1,0.0,2,277.74
2.0,0.1,0.0,0,282.62
2.0,0.1,0.0,1,277.52
2.0,0.1,0.0,2,276.72
2.2,0.1,0.0,0,281.98
2.2,0.1,0.0,1,274.92
2.2,0.1,0.0,2,276.2
2.4,0.1,0.0,0,281.14
2.4,0.1,0.0,1,282.22
2.4,0.1,0.0,2,278.0
2.6,0.1,0.0,0,284.36
2.6,0.1,0.0,1,281.86
2.6,0.1,0.0,2,280.34
2.8,0.1,0.0,0,283.26
2.8,0.1,0.0,1,276.86
2.8,0.1,0.0,2,282.06
3.0,0.1,0.0,0,281.66
3.0,0.1,0.0,1,278.66
3.0,0.1,0.0,2,279.66
3.2,0.1,0.0,0,279.54
3.2,0.1,0.0,1,281.2
3.2,0.1,0.0,2,277.12
3.4,0.1,0.0,0,272.44
3.4,0.1,0.0,1,285.76
3.4,0.1,0.0,2,280.0
3.6,0.1,0.0,0,281.88
3.6,0.1,0.0,1,276.56
3.6,0.1,0.0,2,276.76
3.8,0.1,0.0,0,272.26
3.8,0.1,0.0,1,285.12
3.8,0.1,0.0,2,285.1
0.0,0.2,0.0,0,281.54
0.0,0.2,0.0,1,280.26
0.0,0.2,0.0,2,281.58
0.2,0.2,0.0,0,280.8
0.2,0.2,0.0,1,282.48
0.2,0.2,0.0,2,273.34
0.4,0.2,0.0,0,282.94
0.4,0.2,0.0,1,267.38
0.4,0.2,0.0,2,280.02
0.6,0.2,0.0,0,277.82
0.6,0.2,0.0,1,276.88
0.6,0.2,0.0,2,279.26
0.8,0.2,0.0,0,277.64
0.8,0.2,0.0,1,276.12
0.8,0.2,0.0,2,279.12
1.0,0.2,0.0,0,282.16
1.0,0.2,0.0,1,280.06
1.0,0.2,0.0,2,278.72
1.2,0.2,0.0,0,284.06
1.2,0.2,0.0,1,277.92
1.2,0.2,0.0,2,279.68
1.4,0.2,0.0,0,283.72
1.4,0.2,0.0,1,280.76
1.4,0.2,0.0,2,284.48
1.6,0.2,0.0,0,281.56
1.6,0.2,0.0,1,285.04
1.6,0.2,0.0,2,283.84
1.8,0.2,0.0,0,277.72
1.8,0.2,0.0,1,279.4
1.8,0.2,0.0,2,280.7
2.0,0.2,0.0,0,284.98
2.0,0.2,0.0,1,284.32
2.0,0.2,0.0,2,277.66
2.2,0.2,0.0,0,281.3
2.2,0.2,0.0,1,276.92
2.2,0.2,0.0,2,281.52
2.4,0.2,0.0,0,279.16
2.4,0.2,0.0,1,277.34
2.4,0.2,0.0,2,283.54
2.6,0.2,0.0,0,283.9
2.6,0.2,0.0,1,276.34
2.6,0.2,0.0,2,281.62
2.8,0.2,0.0,0,279.3
2.8,0.2,0.0,1,278.06
2.8,0.2,0.0,2,277.04
3.0,0.2,0.0,0,275.74
3.0,0.2,0.0,1,281.96
3.0,0.2,0.0,2,276.48
3.2,0.2,0.0,0,271.38
3.2,0.2,0.0,1,282.58
3.2,0.2,0.0,2,281.42
3.4,0.2,0.0,0,280.76
3.4,0.2,0.0,1,280.62
3.4,0.2,0.0,2,274.8
3.6,0.2,0.0,0,280.08
3.6,0.2,0.0,1,284.46
3.6,0.2,0.0,2,282.88
3.8,0.2,0.0,0,276.2
3.8,0.2,0.0,1,275.72
3.8,0.2,0.0,2,280.3
0.0,0.3,0.0,0,278.48
0.0,0.3,0.0,1,275.84
0.0,0.3,0.0,2,267.58
0.2,0.3,0.0,0,279.86
0.2,0.3,0.0,1,281.32
0.2,0.3,0.0,2,280.84
0.4,0.3,0.0,0,282.78
0.4,0.3,0.0,1,275.9
0.4,0.3,0.0,2,282.98
0.6,0.3,0.0,0,276.38
0.6,0.3,0.0,1,280.74
0.6,0.3,0.0,2,284.06
0.8,0.3,0.0,0,277.2
0.8,0.3,0.0,1,278.66
0.8,0.3,0.0,2,275.7
1.0,0.3,0.0,0,282.86
1.0,0.3,0.0,1,284.1
1.0,0.3,0.0,2,276.78
1.2,0.3,0.0,0,272.34
1.2,0.3,0.0,1,283.04
1.2,0.3,0.0,2,274.04
1.4,0.3,0.0,0,276.68
1.4,0.3,0.0,1,280.8
1.4,0.3,0.0,2,282.98
1.6,0.3,0.0,0,281.28
1.6,0.3,0.0,1,274.52
1.6,0.3,0.0,2,273.54
1.8,0.3,0.0,0,277.28
1.8,0.3,0.0,1,282.52
1.8,0.3,0.0,2,2.86
2.0,0.3,0.0,0,279.62
2.0,0.3,0.0,1,285.42
2.0,0.3,0.0,2,276.56
2.2,0.3,0.0,0,274.38
2.2,0.3,0.0,1,285.84
2.2,0.3,0.0,2,269.28
2.4,0.3,0.0,0,277.12
2.4,0.3,0.0,1,279.08
2.4,0.3,0.0,2,283.72
2.6,0.3,0.0,0,283.62
2.6,0.3,0.0,1,277.7
2.6,0.3,0.0,2,273.9
2.8,0.3,0.0,0,281.4
2.8,0.3,0.0,1,280.24
2.8,0.3,0.0,2,273.96
3.0,0.3,0.0,0,281.46
3.0,0.3,0.0,1,276.98
3.0,0.3,0.0,2,282.24
3.2,0.3,0.0,0,285.68
3.2,0.3,0.0,1,280.56
3.2,0.3,0.0,2,280.26
3.4,0.3,0.0,0,278.62
3.4,0.3,0.0,1,279.62
3.4,0.3,0.0,2,282.1
3.6,0.3,0.0,0,283.72
3.6,0.3,0.0,1,276.48
3.6,0.3,0.0,2,276.36
3.8,0.3,0.0,0,278.38
3.8,0.3,0.0,1,283.6
3.8,0.3,0.0,2,277.4
0.0,0.4,0.0,0,278.8
0.0,0.4,0.0,1,279.42
0.0,0.4,0.0,2,273.22
0.2,0.4,0.0,0,284.0
0.2,0.4,0.0,1,283.16
0.2,0.4,0.0,2,279.9
0.4,0.4,0.0,0,279.56
0.4,0.4,0.0,1,277.0
0.4,0.4,0.0,2,282.12
0.6,0.4,0.0,0,280.56
0.6,0.4,0.0,1,2.86
0.6,0.4,0.0,2,281.74
0.8,0.4,0.0,0,283.68
0.8,0.4,0.0,1,278.42
0.8,0.4,0.0,2,283.22
1.0,0.4,0.0,0,282.24
1.0,0.4,0.0,1,280.84
1.0,0.4,0.0,2,276.44
1.2,0.4,0.0,0,276.32
1.2,0.4,0.0,1,271.6
1.2,0.4,0.0,2,280.2
1.4,0.4,0.0,0,281.92
1.4,0.4,0.0,1,276.86
1.4,0.4,0.0,2,283.06
1.6,0.4,0.0,0,279.62
1.6,0.4,0.0,1,264.84
1.6,0.4,0.0,2,283.06
1.8,0.4,0.0,0,276.56
1.8,0.4,0.0,1,278.36
1.8,0.4,0.0,2,282.16
2.0,0.4,0.0,0,277.0
2.0,0.4,0.0,1,281.5
2.0,0.4,0.0,2,283.5
2.2,0.4,0.0,0,280.8
2.2,0.4,0.0,1,280.02
2.2,0.4,0.0,2,280.36
2.4,0.4,0.0,0,281.38
2.4,0.4,0.0,1,281.16
2.4,0.4,0.0,2,284.54
2.6,0.4,0.0,0,274.18
2.6,0.4,0.0,1,271.48
2.6,0.4,0.0,2,278.78
2.8,0.4,0.0,0,284.28
2.8,0.4,0.0,1,277.26
2.8,0.4,0.0,2,280.72
3.0,0.4,0.0,0,278.4
3.0,0.4,0.0,1,282.16
3.0,0.4,0.0,2,284.02
3.2,0.4,0.0,0,273.8
3.2,0.4,0.0,1,282.06
3.2,0.4,0.0,2,275.52
3.4,0.4,0.0,0,277.12
3.4,0.4,0.0,1,272.86
3.4,0.4,0.0,2,283.92
3.6,0.4,0.0,0,279.22
3.6,0.4,0.0,1,281.4
3.6,0.4,0.0,2,283.42
3.8,0.4,0.0,0,281.72
3.8,0.4,0.0,1,279.8
3.8,0.4,0.0,2,278.18
0.0,0.5,0.0,0,282.66
0.0,0.5,0.0,1,280.08
0.0,0.5,0.0,2,285.84
0.2,0.5,0.0,0,276.02
0.2,0.5,0.0,1,275.6
0.2,0.5,0.0,2,278.22
0.4,0.5,0.0,0,278.24
0.4,0.5,0.0,1,273.7
0.4,0.5,0.0,2,279.08
0.6,0.5,0.0,0,279.44
0.6,0.5,0.0,1,277.78
0.6,0.5,0.0,2,280.6
0.8,0.5,0.0,0,275.24
0.8,0.5,0.0,1,278.96
0.8,0.5,0.0,2,282.38
1.0,0.5,0.0,0,278.84
1.0,0.5,0.0,1,284.22
1.0,0.5,0.0,2,278.16
1.2,0.5,0.0,0,285.8
1.2,0.5,0.0,1,279.84
1.2,0.5,0.0,2,285.48
1.4,0.5,0.0,0,280.3
1.4,0.5,0.0,1,279.12
1.4,0.5,0.0,2,284.32
1.6,0.5,0.0,0,281.52
1.6,0.5,0.0,1,277.4
1.6,0.5,0.0,2,278.2
1.8,0.5,0.0,0,280.56
1.8,0.5,0.0,1,280.74
1.8,0.5,0.0,2,281.04
2.0,0.5,0.0,0,278.72
2.0,0.5,0.0,1,285.02
2.0,0.5,0.0,2,283.94
2.2,0.5,0.0,0,281.02
2.2,0.5,0.0,1,271.18
2.2,0.5,0.0,2,278.32
2.4,0.5,0.0,0,279.4
2.4,0.5,0.0,1,282.32
2.4,0.5,0.0,2,283.46
2.6,0.5,0.0,0,279.22
2.6,0.5,0.0,1,282.04
2.6,0.5,0.0,2,278.86
2.8,0.5,0.0,0,276.14
2.8,0.5,0.0,1,276.1
2.8,0.5,0.0,2,283.38
3.0,0.5,0.0,0,283.64
3.0,0.5,0.0,1,280.0
3.0,0.5,0.0,2,281.28
3.2,0.5,0.0,0,277.5
3.2,0.5,0.0,1,284.46
3.2,0.5,0.0,2,283.62
3.4,0.5,0.0,0,284.96
3.4,0.5,0.0,1,283.78
3.4,0.5,0.0,2,281.58
3.6,0.5,0.0,0,280.12
3.6,0.5,0.0,1,284.08
3.6,0.5,0.0,2,281.28
3.8,0.5,0.0,0,279.32
3.8,0.5,0.0,1,283.22
3.8,0.5,0.0,2,282.98
0.0,0.6,0.0,0,280.26
0.0,0.6,0.0,1,280.04
0.0,0.6,0.0,2,280.8
0.2,0.6,0.0,0,283.38
0.2,0.6,0.0,1,281.78
0.2,0.6,0.0,2,285.02
0.4,0.6,0.0,0,278.7
0.4,0.6,0.0,1,277.28
0.4,0.6,0.0,2,271.7
0.6,0.6,0.0,0,283.8
0.6,0.6,0.0,1,282.34
0.6,0.6,0.0,2,280.78
0.8,0.6,0.0,0,274.0
0.8,0.6,0.0,1,283.62
0.8,0.6,0.0,2,283.66
1.0,0.6,0.0,0,275.42
1.0,0.6,0.0,1,279.3
1.0,0.6,0.0,2,272.62
1.2,0.6,0.0,0,280.68
1.2,0.6,0.0,1,274.96
1.2,0.6,0.0,2,280.64
1.4,0.6,0.0,0,281.12
1.4,0.6,0.0,1,277.18
1.4,0.6,0.0,2,283.8
1.6,0.6,0.0,0,283.0
1.6,0.6,0.0,1,281.2
1.6,0.6,0.0,2,278.84
1.8,0.6,0.0,0,270.54
1.8,0.6,0.0,1,280.52
1.8,0.6,0.0,2,282.1
2.0,0.6,0.0,0,283.22
2.0,0.6,0.0,1,276.76
2.0,0.6,0.0,2,280.16
2.2,0.6,0.0,0,275.76
2.2,0.6,0.0,1,268.68
2.2,0.6,0.0,2,274.72
2.4,0.6,0.0,0,280.46
2.4,0.6,0.0,1,273.36
2.4,0.6,0.0,2,275.66
2.6,0.6,0.0,0,276.3
2.6,0.6,0.0,1,281.02
2.6,0.6,0.0,2,278.84
2.8,0.6,0.0,0,280.22
2.8,0.6,0.0,1,272.54
2.8,0.6,0.0,2,285.84
3.0,0.6,0.0,0,284.32
3.0,0.6,0.0,1,282.16
3.0,0.6,0.0,2,280.98
3.2,0.6,0.0,0,278.52
3.2,0.6,0.0,1,278.8
3.2,0.6,0.0,2,282.16
3.4,0.6,0.0,0,285.02
3.4,0.6,0.0,1,281.68
3.4,0.6,0.0,2,278.22
3.6,0.6,0.0,0,276.76
3.6,0.6,0.0,1,274.56
3.6,0.6,0.0,2,279.42
3.8,0.6,0.0,0,275.34
3.8,0.6,0.0,1,282.22
3.8,0.6,0.0,2,281.16
0.0,0.7,0.0,0,278.7
0.0,0.7,0.0,1,279.96
0.0,0.7,0.0,2,277.84
0.2,0.7,0.0,0,278.36
0.2,0.7,0.0,1,280.5
0.2,0.7,0.0,2,284.9
0.4,0.7,0.0,0,284.02
0.4,0.7,0.0,1,277.86
0.4,0.7,0.0,2,268.06
0.6,0.7,0.0,0,279.66
0.6,0.7,0.0,1,285.08
0.6,0.7,0.0,2,276.32
0.8,0.7,0.0,0,280.78
0.8,0.7,0.0,1,284.86
0.8,0.7,0.0,2,284.72
1.0,0.7,0.0,0,280.8
1.0,0.7,0.0,1,284.28
1.0,0.7,0.0,2,281.2
1.2,0.7,0.0,0,278.46
1.2,0.7,0.0,1,282.9
1.2,0.7,0.0,2,281.68
1.4,0.7,0.0,0,281.16
1.4,0.7,0.0,1,281.48
1.4,0.7,0.0,2,285.04
1.6,0.7,0.0,0,274.54
1.6,0.7,0.0,1,279.22
1.6,0.7,0.0,2,284.08
1.8,0.7,0.0,0,273.88
1.8,0.7,0.0,1,281.52
1.8,0.7,0.0,2,285.16
2.0,0.7,0.0,0,283.9
2.0,0.7,0.0,1,276.66
2.0,0.7,0.0,2,285.04
2.2,0.7,0.0,0,282.96
2.2,0.7,0.0,1,284.38
2.2,0.7,0.0,2,278.64
2.4,0.7,0.0,0,283.86
2.4,0.7,0.0,1,281.44
2.4,0.7,0.0,2,274.82
2.6,0.7,0.0,0,279.24
2.6,0.7,0.0,1,282.22
2.6,0.7,0.0,2,277.2
2.8,0.7,0.0,0,284.16
2.8,0.7,0.0,1,283.02
2.8,0.7,0.0,2,280.4
3.0,0.7,0.0,0,270.08
3.0,0.7,0.0,1,284.48
3.0,0.7,0.0,2,284.24
3.2,0.7,0.0,0,280.02
3.2,0.7,0.0,1,279.58
3.2,0.7,0.0,2,284.52
3.4,0.7,0.0,0,274.88
3.4,0.7,0.0,1,282.2
3.4,0.7,0.0,2,279.86
3.6,0.7,0.0,0,281.52
3.6,0.7,0.0,1,283.04
3.6,0.7,0.0,2,276.1
3.8,0.7,0.0,0,284.48
3.8,0.7,0.0,1,278.14
3.8,0.7,0.0,2,274.02
0.0,0.8,0.0,0,278.0
0.0,0.8,0.0,1,277.28
0.0,0.8,0.0,2,282.16
0.2,0.8,0.0,0,281.54
0.2,0.8,0.0,1,285.16
0.2,0.8,0.0,2,275.68
0.4,0.8,0.0,0,281.04
0.4,0.8,0.0,1,276.72
0.4,0.8,0.0,2,282.06
0.6,0.8,0.0,0,285.2
0.6,0.8,0.0,1,280.1
0.6,0.8,0.0,2,279.1
0.8,0.8,0.0,0,278.98
0.8,0.8,0.0,1,282.74
0.8,0.8,0.0,2,277.22
1.0,0.8,0.0,0,280.78
1.0,0.8,0.0,1,277.44
1.0,0.8,0.0,2,282.56
1.2,0.8,0.0,0,284.48
1.2,0.8,0.0,1,279.2
1.2,0.8,0.0,2,2.86
1.4,0.8,0.0,0,275.86
1.4,0.8,0.0,1,278.66
1.4,0.8,0.0,2,275.7
1.6,0.8,0.0,0,277.78
1.6,0.8,0.0,1,285.12
1.6,0.8,0.0,2,274.28
1.8,0.8,0.0,0,278.68
1.8,0.8,0.0,1,283.54
1.8,0.8,0.0,2,275.8
2.0,0.8,0.0,0,281.46
2.0,0.8,0.0,1,271.74
2.0,0.8,0.0,2,279.16
2.2,0.8,0.0,0,284.76
2.2,0.8,0.0,1,282.12
2.2,0.8,0.0,2,282.88
2.4,0.8,0.0,0,281.54
2.4,0.8,0.0,1,282.86
2.4,0.8,0.0,2,279.94
2.6,0.8,0.0,0,279.66
2.6,0.8,0.0,1,280.76
2.6,0.8,0.0,2,283.96
2.8,0.8,0.0,0,281.3
2.8,0.8,0.0,1,283.28
2.8,0.8,0.0,2,279.44
3.0,0.8,0.0,0,274.38
3.0,0.8,0.0,1,283.62
3.0,0.8,0.0,2,278.64
3.2,0.8,0.0,0,281.28
3.2,0.8,0.0,1,284.46
3.2,0.8,0.0,2,277.0
3.4,0.8,0.0,0,283.54
3.4,0.8,0.0,1,282.88
3.4,0.8,0.0,2,264.38
3.6,0.8,0.0,0,275.34
3.6,0.8,0.0,1,2.86
3.6,0.8,0.0,2,277.96
3.8,0.8,0.0,0,277.2
3.8,0.8,0.0,1,283.12
3.8,0.8,0.0,2,282.32
0.0,0.9,0.0,0,280.88
0.0,0.9,0.0,1,277.3
0.0,0.9,0.0,2,283.28
0.2,0.9,0.0,0,282.32
0.2,0.9,0.0,1,279.14
0.2,0.9,0.0,2,279.8
0.4,0.9,0.0,0,4.78
0.4,0.9,0.0,1,282.24
0.4,0.9,0.0,2,279.88
0.6,0.9,0.0,0,280.18
0.6,0.9,0.0,1,278.32
0.6,0.9,0.0,2,280.02
0.8,0.9,0.0,0,278.54
0.8,0.9,0.0,1,278.86
0.8,0.9,0.0,2,279.1
1.0,0.9,0.0,0,273.02
1.0,0.9,0.0,1,276.36
1.0,0.9,0.0,2,277.96
1.2,0.9,0.0,0,277.34
1.2,0.9,0.0,1,281.88
1.2,0.9,0.0,2,277.44
1.4,0.9,0.0,0,283.72
1.4,0.9,0.0,1,278.18
1.4,0.9,0.0,2,278.68
1.6,0.9,0.0,0,274.18
1.6,0.9,0.0,1,278.84
1.6,0.9,0.0,2,282.08
1.8,0.9,0.0,0,278.68
1.8,0.9,0.0,1,280.8
1.8,0.9,0.0,2,274.22
2.0,0.9,0.0,0,283.0
2.0,0.9,0.0,1,285.08
2.0,0.9,0.0,2,282.26
2.2,0.9,0.0,0,279.96
2.2,0.9,0.0,1,279.72
2.2,0.9,0.0,2,283.3
2.4,0.9,0.0,0,275.88
2.4,0.9,0.0,1,275.86
2.4,0.9,0.0,2,282.04
2.6,0.9,0.0,0,279.64
2.6,0.9,0.0,1,284.08
2.6,0.9,0.0,2,282.02
2.8,0.9,0.0,0,285.16
2.8,0.9,0.0,1,281.98
2.8,0.9,0.0,2,281.64
3.0,0.9,0.0,0,283.3
3.0,0.9,0.0,1,282.22
3.0,0.9,0.0,2,273.0
3.2,0.9,0.0,0,279.54
3.2,0.9,0.0,1,284.42
3.2,0.9,0.0,2,280.12
3.4,0.9,0.0,0,282.58
3.4,0.9,0.0,1,283.74
3.4,0.9,0.0,2,275.66
3.6,0.9,0.0,0,282.7
3.6,0.9,0.0,1,282.14
3.6,0.9,0.0,2,280.94
3.8,0.9,0.0,0,279.36
3.8,0.9,0.0,1,281.54
3.8,0.9,0.0,2,272.16
0.0,1.0,0.0,0,283.26
0.0,1.0,0.0,1,275.12
0.0,1.0,0.0,2,283.58
0.2,1.0,2.0,0,276.18
0.2,1.0,2.0,1,275.22
0.2,1.0,2.0,2,276.98
0.4,1.0,2.0,0,274.24
0.4,1.0,2.0,1,264.26
0.4,1.0,2.0,2,285.86
0.6,1.0,2.0,0,274.32
0.6,1.0,2.0,1,268.74
0.6,1.0,2.0,2,260.1
0.8,1.0,2.0,0,257.18
0.8,1.0,2.0,1,2.86
0.8,1.0,2.0,2,2.86
1.0,1.0,2.0,0,265.66
1.0,1.0,2.0,1,259.98
1.0,1.0,2.0,2,274.36
1.2,1.0,2.0,0,251.42
1.2,1.0,2.0,1,268.52
1.2,1.0,2.0,2,251.54
1.4,1.0,2.0,0,254.68
1.4,1.0,2.0,1,271.56
1.4,1.0,2.0,2,257.72
1.6,1.0,2.0,0,274.38
1.6,1.0,2.0,1,257.32
1.6,1.0,2.0,2,265.36
1.8,1.0,2.0,0,273.32
1.8,1.0,2.0,1,281.0
1.8,1.0,2.0,2,266.62
2.0,1.0,2.0,0,275.66
2.0,1.0,2.0,1,283.12
2.0,1.0,2.0,2,277.24
2.2,1.0,2.0,0,278.06
2.2,1.0,2.0,1,282.62
2.2,1.0,2.0,2,281.82
2.4,1.0,2.0,0,278.28
2.4,1.0,2.0,1,276.84
2.4,1.0,2.0,2,284.66
2.6,1.0,2.0,0,283.88
2.6,1.0,2.0,1,283.44
2.6,1.0,2.0,2,282.82
2.8,1.0,2.0,0,278.94
2.8,1.0,2.0,1,279.5
2.8,1.0,2.0,2,281.72
3.0,1.0,2.0,0,282.12
3.0,1.0,2.0,1,284.18
3.0,1.0,2.0,2,282.84
3.2,1.0,2.0,0,281.3
3.2,1.0,2.0,1,280.5
3.2,1.0,2.0,2,276.64
3.4,1.0,2.0,0,281.52
3.4,1.0,2.0,1,276.28
3.4,1.0,2.0,2,281.32
3.6,1.0,2.0,0,279.7
3.6,1.0,2.0,1,282.58
3.6,1.0,2.0,2,282.26
3.8,1.0,2.0,0,279.08
3.8,1.0,2.0,1,277.08
3.8,1.0,2.0,2,278.68
0.0,1.1,0.0,0,282.62
0.0,1.1,0.0,1,279.42
0.0,1.1,0.0,2,283.84
0.2,1.1,2.0,0,275.72
0.2,1.1,2.0,1,279.92
0.2,1.1,2.0,2,265.66
0.4,1.1,2.0,0,281.42
0.4,1.1,2.0,1,274.4
0.4,1.1,2.0,2,255.7
0.6,1.1,2.0,0,265.76
0.6,1.1,2.0,1,4.28
0.6,1.1,2.0,2,268.62
0.8,1.1,2.0,0,279.98
0.8,1.1,2.0,1,268.54
0.8,1.1,2.0,2,265.76
1.0,1.1,2.0,0,254.16
1.0,1.1,2.0,1,271.42
1.0,1.1,2.0,2,259.92
1.2,1.1,2.0,0,260.0
1.2,1.1,2.0,1,268.58
1.2,1.1,2.0,2,259.84
1.4,1.1,2.0,0,260.2
1.4,1.1,2.0,1,270.52
1.4,1.1,2.0,2,260.16
1.6,1.1,2.0,0,265.9
1.6,1.1,2.0,1,267.1
1.6,1.1,2.0,2,262.9
1.8,1.1,2.0,0,270.52
1.8,1.1,2.0,1,282.04
1.8,1.1,2.0,2,267.8
2.0,1.1,2.0,0,281.38
2.0,1.1,2.0,1,276.52
2.0,1.1,2.0,2,279.94
2.2,1.1,2.0,0,279.36
2.2,1.1,2.0,1,279.88
2.2,1.1,2.0,2,271.96
2.4,1.1,2.0,0,277.58
2.4,1.1,2.0,1,278.62
2.4,1.1,2.0,2,281.4
2.6,1.1,2.0,0,281.98
2.6,1.1,2.0,1,280.78
2.6,1.1,2.0,2,279.84
2.8,1.1,2.0,0,281.28
2.8,1.1,2.0,1,279.7
2.8,1.1,2.0,2,281.42
3.0,1.1,2.0,0,282.24
3.0,1.1,2.0,1,278.68
3.0,1.1,2.0,2,282.54
3.2,1.1,2.0,0,281.02
3.2,1.1,2.0,1,282.92
3.2,1.1,2.0,2,284.86
3.4,1.1,2.0,0,282.02
3.4,1.1,2.0,1,283.16
3.4,1.1,2.0,2,280.06
3.6,1.1,2.0,0,283.56
3.6,1.1,2.0,1,280.6
3.6,1.1,2.0,2,279.22
3.8,1.1,2.0,0,278.78
3.8,1.1,2.0,1,282.8
3.8,1.1,2.0,2,279.52
0.0,1.2,0.0,0,277.42
0.0,1.2,0.0,1,276.24
0.0,1.2,0.0,2,282.8
0.2,1.2,2.0,0,255.58
0.2,1.2,2.0,1,285.88
0.2,1.2,2.0,2,276.12
0.4,1.2,2.0,0,262.74
0.4,1.2,2.0,1,274.4
0.4,1.2,2.0,2,259.86
0.6,1.2,2.0,0,262.76
0.6,1.2,2.0,1,274.18
0.6,1.2,2.0,2,282.92
0.8,1.2,2.0,0,268.7
0.8,1.2,2.0,1,277.26
0.8,1.2,2.0,2,260.06
1.0,1.2,2.0,0,251.46
1.0,1.2,2.0,1,262.94
1.0,1.2,2.0,2,259.98
1.2,1.2,2.0,0,268.5
1.2,1.2,2.0,1,257.02
1.2,1.2,2.0,2,271.22
1.4,1.2,2.0,0,244.96
1.4,1.2,2.0,1,265.84
1.4,1.2,2.0,2,260.1
1.6,1.2,2.0,0,271.48
1.6,1.2,2.0,1,260.14
1.6,1.2,2.0,2,259.96
1.8,1.2,2.0,0,279.52
1.8,1.2,2.0,1,276.16
1.8,1.2,2.0,2,276.78
2.0,1.2,2.0,0,274.78
2.0,1.2,2.0,1,281.32
2.0,1.2,2.0,2,271.8
2.2,1.2,2.0,0,280.36
2.2,1.2,2.0,1,275.74
2.2,1.2,2.0,2,275.46
2.4,1.2,2.0,0,281.9
2.4,1.2,2.0,1,275.76
2.4,1.2,2.0,2,281.08
2.6,1.2,2.0,0,282.1
2.6,1.2,2.0,1,277.74
2.6,1.2,2.0,2,277.4
2.8,1.2,2.0,0,278.28
2.8,1.2,2.0,1,278.5
2.8,1.2,2.0,2,277.24
3.0,1.2,2.0,0,279.88
3.0,1.2,2.0,1,281.04
3.0,1.2,2.0,2,281.72
3.2,1.2,2.0,0,283.7
3.2,1.2,2.0,1,281.8
3.2,1.2,2.0,2,278.56
3.4,1.2,2.0,0,276.84
3.4,1.2,2.0,1,277.6
3.4,1.2,2.0,2,282.66
3.6,1.2,2.0,0,279.92
3.6,1.2,2.0,1,279.4
3.6,1.2,2.0,2,281.56
3.8,1.2,2.0,0,284.74
3.8,1.2,2.0,1,283.5
3.8,1.2,2.0,2,276.54
0.0,1.3,0.0,0,279.26
0.0,1.3,0.0,1,282.18
0.0,1.3,0.0,2,276.56
0.2,1.3,2.0,0,278.24
0.2,1.3,2.0,1,281.54
0.2,1.3,2.0,2,278.2
0.4,1.3,2.0,0,275.84
0.4,1.3,2.0,1,264.4
0.4,1.3,2.0,2,270.42
0.6,1.3,2.0,0,271.56
0.6,1.3,2.0,1,274.26
0.6,1.3,2.0,2,254.26
0.8,1.3,2.0,0,265.82
0.8,1.3,2.0,1,280.12
0.8,1.3,2.0,2,268.66
1.0,1.3,2.0,0,259.96
1.0,1.3,2.0,1,265.66
1.0,1.3,2.0,2,265.8
1.2,1.3,2.0,0,265.72
1.2,1.3,2.0,1,257.2
1.2,1.3,2.0,2,271.28
1.4,1.3,2.0,0,252.0
1.4,1.3,2.0,1,277.1
1.4,1.3,2.0,2,260.12
1.6,1.3,2.0,0,258.96
1.6,1.3,2.0,1,268.72
1.6,1.3,2.0,2,263.78
1.8,1.3,2.0,0,276.24
1.8,1.3,2.0,1,270.64
1.8,1.3,2.0,2,264.8
2.0,1.3,2.0,0,282.16
2.0,1.3,2.0,1,282.72
2.0,1.3,2.0,2,274.52
2.2,1.3,2.0,0,282.28
2.2,1.3,2.0,1,277.78
2.2,1.3,2.0,2,274.94
2.4,1.3,2.0,0,278.9
2.4,1.3,2.0,1,282.92
2.4,1.3,2.0,2,279.54
2.6,1.3,2.0,0,281.98
2.6,1.3,2.0,1,278.1
2.6,1.3,2.0,2,277.34
2.8,1.3,2.0,0,281.8
2.8,1.3,2.0,1,278.96
2.8,1.3,2.0,2,285.16
3.0,1.3,2.0,0,284.18
3.0,1.3,2.0,1,280.0
3.0,1.3,2.0,2,282.76
3.2,1.3,2.0,0,279.04
3.2,1.3,2.0,1,282.5
3.2,1.3,2.0,2,282.76
3.4,1.3,2.0,0,280.32
3.4,1.3,2.0,1,282.14
3.4,1.3,2.0,2,278.02
3.6,1.3,2.0,0,282.1
3.6,1.3,2.0,1,277.88
3.6,1.3,2.0,2,281.84
3.8,1.3,2.0,0,275.38
3.8,1.3,2.0,1,281.36
3.8,1.3,2.0,2,274.52
0.0,1.4,0.0,0,282.06
0.0,1.4,0.0,1,273.14
0.0,1.4,0.0,2,277.34
0.2,1.4,2.0,0,285.72
0.2,1.4,2.0,1,285.0
0.2,1.4,2.0,2,282.84
0.4,1.4,2.0,0,285.66
0.4,1.4,2.0,1,272.98
0.4,1.4,2.0,2,276.24
0.6,1.4,2.0,0,263.04
0.6,1.4,2.0,1,255.8
0.6,1.4,2.0,2,277.22
0.8,1.4,2.0,0,271.5
0.8,1.4,2.0,1,262.94
0.8,1.4,2.0,2,239.98
1.0,1.4,2.0,0,265.86
1.0,1.4,2.0,1,260.08
1.0,1.4,2.0,2,256.98
1.2,1.4,2.0,0,254.18
1.2,1.4,2.0,1,268.68
1.2,1.4,2.0,2,257.1
1.4,1.4,2.0,0,254.34
1.4,1.4,2.0,1,260.14
1.4,1.4,2.0,2,262.96
1.6,1.4,2.0,0,243.9
1.6,1.4,2.0,1,271.56
1.6,1.4,2.0,2,271.52
1.8,1.4,2.0,0,270.48
1.8,1.4,2.0,1,262.06
1.8,1.4,2.0,2,271.48
2.0,1.4,2.0,0,270.56
2.0,1.4,2.0,1,269.98
2.0,1.4,2.0,2,273.9
2.2,1.4,2.0,0,278.62
2.2,1.4,2.0,1,282.16
2.2,1.4,2.0,2,281.1
2.4,1.4,2.0,0,280.36
2.4,1.4,2.0,1,280.54
2.4,1.4,2.0,2,281.1
2.6,1.4,2.0,0,280.74
2.6,1.4,2.0,1,282.64
2.6,1.4,2.0,2,283.68
2.8,1.4,2.0,0,278.48
2.8,1.4,2.0,1,280.16
2.8,1.4,2.0,2,281.08
3.0,1.4,2.0,0,279.18
3.0,1.4,2.0,1,282.82
3.0,1.4,2.0,2,281.32
3.2,1.4,2.0,0,282.08
3.2,1.4,2.0,1,283.24
3.2,1.4,2.0,2,275.64
3.4,1.4,2.0,0,277.66
3.4,1.4,2.0,1,276.8
3.4,1.4,2.0,2,283.32
3.6,1.4,2.0,0,276.98
3.6,1.4,2.0,1,280.9
3.6,1.4,2.0,2,283.64
3.8,1.4,2.0,0,283.66
3.8,1.4,2.0,1,282.36
3.8,1.4,2.0,2,278.3
0.0,1.5,0.0,0,276.08
0.0,1.5,0.0,1,284.06
0.0,1.5,0.0,2,284.96
0.2,1.5,4.0,0,278.66
0.2,1.5,4.0,1,260.12
0.2,1.5,4.0,2,277.66
0.4,1.5,4.0,0,274.38
0.4,1.5,4.0,1,268.62
0.4,1.5,4.0,2,2.86
0.6,1.5,4.0,0,242.92
0.6,1.5,4.0,1,260.1
0.6,1.5,4.0,2,2.86
0.8,1.5,4.0,0,258.38
0.8,1.5,4.0,1,271.26
0.8,1.5,4.0,2,268.36
1.0,1.5,4.0,0,280.06
1.0,1.5,4.0,1,270.54
1.0,1.5,4.0,2,275.12
1.2,1.5,4.0,0,274.62
1.2,1.5,4.0,1,284.74
1.2,1.5,4.0,2,283.82
1.4,1.5,4.0,0,282.74
1.4,1.5,4.0,1,282.58
1.4,1.5,4.0,2,277.58
1.6,1.5,4.0,0,281.54
1.6,1.5,4.0,1,273.76
1.6,1.5,4.0,2,277.54
1.8,1.5,4.0,0,282.3
1.8,1.5,4.0,1,278.82
1.8,1.5,4.0,2,279.96
2.0,1.5,4.0,0,274.1
2.0,1.5,4.0,1,275.22
2.0,1.5,4.0,2,277.2
2.2,1.5,4.0,0,271.7
2.2,1.5,4.0,1,274.06
2.2,1.5,4.0,2,283.82
2.4,1.5,4.0,0,275.02
2.4,1.5,4.0,1,272.32
2.4,1.5,4.0,2,272.48
2.6,1.5,4.0,0,266.06
2.6,1.5,4.0,1,274.54
2.6,1.5,4.0,2,278.36
2.8,1.5,4.0,0,270.22
2.8,1.5,4.0,1,272.84
2.8,1.5,4.0,2,273.72
3.0,1.5,4.0,0,268.88
3.0,1.5,4.0,1,270.88
3.0,1.5,4.0,2,273.34
3.2,1.5,4.0,0,264.12
3.2,1.5,4.0,1,270.24
3.2,1.5,4.0,2,250.0
3.4,1.5,4.0,0,268.14
3.4,1.5,4.0,1,269.44
3.4,1.5,4.0,2,262.34
3.6,1.5,4.0,0,250.0
3.6,1.5,4.0,1,250.0
3.6,1.5,4.0,2,250.0
3.8,1.5,4.0,0,250.0
3.8,1.5,4.0,1,250.0
3.8,1.5,4.0,2,250.0
0.0,1.6,0.0,0,276.5
0.0,1.6,0.0,1,279.42
0.0,1.6,0.0,2,283.6
0.2,1.6,4.0,0,258.58
0.2,1.6,4.0,1,264.26
0.2,1.6,4.0,2,264.28
0.4,1.6,4.0,0,257.04
0.4,1.6,4.0,1,2.86
0.4,1.6,4.0,2,271.54
0.6,1.6,4.0,0,268.7
0.6,1.6,4.0,1,274.32
0.6,1.6,4.0,2,259.98
0.8,1.6,4.0,0,265.12
0.8,1.6,4.0,1,270.78
0.8,1.6,4.0,2,274.16
1.0,1.6,4.0,0,277.26
1.0,1.6,4.0,1,283.5
1.0,1.6,4.0,2,272.04
1.2,1.6,4.0,0,282.48
1.2,1.6,4.0,1,282.82
1.2,1.6,4.0,2,277.08
1.4,1.6,4.0,0,280.08
1.4,1.6,4.0,1,284.86
1.4,1.6,4.0,2,280.7
1.6,1.6,4.0,0,284.18
1.6,1.6,4.0,1,281.54
1.6,1.6,4.0,2,274.2
1.8,1.6,4.0,0,276.58
1.8,1.6,4.0,1,282.94
1.8,1.6,4.0,2,279.7
2.0,1.6,4.0,0,282.08
2.0,1.6,4.0,1,274.06
2.0,1.6,4.0,2,277.46
2.2,1.6,4.0,0,282.02
2.2,1.6,4.0,1,266.94
2.2,1.6,4.0,2,268.26
2.4,1.6,4.0,0,270.66
2.4,1.6,4.0,1,266.8
2.4,1.6,4.0,2,267.48
2.6,1.6,4.0,0,275.4
2.6,1.6,4.0,1,269.78
2.6,1.6,4.0,2,276.56
2.8,1.6,4.0,0,267.22
2.8,1.6,4.0,1,266.16
2.8,1.6,4.0,2,271.96
3.0,1.6,4.0,0,263.62
3.0,1.6,4.0,1,265.32
3.0,1.6,4.0,2,268.58
3.2,1.6,4.0,0,265.64
3.2,1.6,4.0,1,265.44
3.2,1.6,4.0,2,263.8
3.4,1.6,4.0,0,250.0
3.4,1.6,4.0,1,250.0
3.4,1.6,4.0,2,269.18
3.6,1.6,4.0,0,250.0
3.6,1.6,4.0,1,250.0
3.6,1.6,4.0,2,250.0
3.8,1.6,4.0,0,250.0
3.8,1.6,4.0,1,250.0
3.8,1.6,4.0,2,250.0
0.0,1.7,0.0,0,279.3
0.0,1.7,0.0,1,280.06
0.0,1.7,0.0,2,278.42
0.2,1.7,4.0,0,274.4
0.2,1.7,4.0,1,257.2
0.2,1.7,4.0,2,267.08
0.4,1.7,4.0,0,271.58
0.4,1.7,4.0,1,262.96
0.4,1.7,4.0,2,277.18
0.6,1.7,4.0,0,8.58
0.6,1.7,4.0,1,2.86
0.6,1.7,4.0,2,265.8
0.8,1.7,4.0,0,279.64
0.8,1.7,4.0,1,272.02
0.8,1.7,4.0,2,262.18
1.0,1.7,4.0,0,276.44
1.0,1.7,4.0,1,284.68
1.0,1.7,4.0,2,276.58
1.2,1.7,4.0,0,283.82
1.2,1.7,4.0,1,275.08
1.2,1.7,4.0,2,280.42
1.4,1.7,4.0,0,280.38
1.4,1.7,4.0,1,279.08
1.4,1.7,4.0,2,279.36
1.6,1.7,4.0,0,281.82
1.6,1.7,4.0,1,279.38
1.6,1.7,4.0,2,284.98
1.8,1.7,4.0,0,282.42
1.8,1.7,4.0,1,284.18
1.8,1.7,4.0,2,276.24
2.0,1.7,4.0,0,282.66
2.0,1.7,4.0,1,278.08
2.0,1.7,4.0,2,279.98
2.2,1.7,4.0,0,272.04
2.2,1.7,4.0,1,281.96
2.2,1.7,4.0,2,276.24
2.4,1.7,4.0,0,268.46
2.4,1.7,4.0,1,266.02
2.4,1.7,4.0,2,279.44
2.6,1.7,4.0,0,265.8
2.6,1.7,4.0,1,269.46
2.6,1.7,4.0,2,268.46
2.8,1.7,4.0,0,270.7
2.8,1.7,4.0,1,262.2
2.8,1.7,4.0,2,278.98
3.0,1.7,4.0,0,268.36
3.0,1.7,4.0,1,273.4
3.0,1.7,4.0,2,275.26
3.2,1.7,4.0,0,266.06
3.2,1.7,4.0,1,264.54
3.2,1.7,4.0,2,266.66
3.4,1.7,4.0,0,273.02
3.4,1.7,4.0,1,265.34
3.4,1.7,4.0,2,266.74
3.6,1.7,4.0,0,250.0
3.6,1.7,4.0,1,250.0
3.6,1.7,4.0,2,250.0
3.8,1.7,4.0,0,250.0
3.8,1.7,4.0,1,250.0
3.8,1.7,4.0,2,250.0
0.0,1.8,0.0,0,284.98
0.0,1.8,0.0,1,283.64
0.0,1.8,0.0,2,280.04
0.2,1.8,4.0,0,272.88
0.2,1.8,4.0,1,277.24
0.2,1.8,4.0,2,278.4
0.4,1.8,4.0,0,271.32
0.4,1.8,4.0,1,262.8
0.4,1.8,4.0,2,265.76
0.6,1.8,4.0,0,2.86
0.6,1.8,4.0,1,2.86
0.6,1.8,4.0,2,240.04
0.8,1.8,4.0,0,263.72
0.8,1.8,4.0,1,259.0
0.8,1.8,4.0,2,272.5
1.0,1.8,4.0,0,279.96
1.0,1.8,4.0,1,279.06
1.0,1.8,4.0,2,284.16
1.2,1.8,4.0,0,278.2
1.2,1.8,4.0,1,284.04
1.2,1.8,4.0,2,281.88
1.4,1.8,4.0,0,280.6
1.4,1.8,4.0,1,281.8
1.4,1.8,4.0,2,275.64
1.6,1.8,4.0,0,269.38
1.6,1.8,4.0,1,284.42
1.6,1.8,4.0,2,282.62
1.8,1.8,4.0,0,274.44
1.8,1.8,4.0,1,278.38
1.8,1.8,4.0,2,273.38
2.0,1.8,4.0,0,268.0
2.0,1.8,4.0,1,280.94
2.0,1.8,4.0,2,271.84
2.2,1.8,4.0,0,283.84
2.2,1.8,4.0,1,276.62
2.2,1.8,4.0,2,266.94
2.4,1.8,4.0,0,281.76
2.4,1.8,4.0,1,277.36
2.4,1.8,4.0,2,272.38
2.6,1.8,4.0,0,270.88
2.6,1.8,4.0,1,273.94
2.6,1.8,4.0,2,274.82
2.8,1.8,4.0,0,275.1
2.8,1.8,4.0,1,267.32
2.8,1.8,4.0,2,272.54
3.0,1.8,4.0,0,265.72
3.0,1.8,4.0,1,269.18
3.0,1.8,4.0,2,265.3
3.2,1.8,4.0,0,285.66
3.2,1.8,4.0,1,266.62
3.2,1.8,4.0,2,262.28
3.4,1.8,4.0,0,250.0
3.4,1.8,4.0,1,250.0
3.4,1.8,4.0,2,250.0
3.6,1.8,4.0,0,250.0
3.6,1.8,4.0,1,250.0
3.6,1.8,4.0,2,252.16
3.8,1.8,4.0,0,250.0
3.8,1.8,4.0,1,250.0
3.8,1.8,4.0,2,250.0
0.0,1.9,0.0,0,282.26
0.0,1.9,0.0,1,284.86
0.0,1.9,0.0,2,274.36
0.2,1.9,4.0,0,264.18
0.2,1.9,4.0,1,274.1
0.2,1.9,4.0,2,274.78
0.4,1.9,4.0,0,5.72
0.4,1.9,4.0,1,274.42
0.4,1.9,4.0,2,2.86
0.6,1.9,4.0,0,268.7
0.6,1.9,4.0,1,254.38
0.6,1.9,4.0,2,240.04
0.8,1.9,4.0,0,274.24
0.8,1.9,4.0,1,266.68
0.8,1.9,4.0,2,263.72
1.0,1.9,4.0,0,284.72
1.0,1.9,4.0,1,271.76
1.0,1.9,4.0,2,279.16
1.2,1.9,4.0,0,282.16
1.2,1.9,4.0,1,273.22
1.2,1.9,4.0,2,275.46
1.4,1.9,4.0,0,278.08
1.4,1.9,4.0,1,279.5
1.4,1.9,4.0,2,274.88
1.6,1.9,4.0,0,276.64
1.6,1.9,4.0,1,278.82
1.6,1.9,4.0,2,284.88
1.8,1.9,4.0,0,283.44
1.8,1.9,4.0,1,282.16
1.8,1.9,4.0,2,274.74
2.0,1.9,4.0,0,274.54
2.0,1.9,4.0,1,283.6
2.0,1.9,4.0,2,277.32
2.2,1.9,4.0,0,272.22
2.2,1.9,4.0,1,274.12
2.2,1.9,4.0,2,271.98
2.4,1.9,4.0,0,271.68
2.4,1.9,4.0,1,267.3
2.4,1.9,4.0,2,264.56
2.6,1.9,4.0,0,270.58
2.6,1.9,4.0,1,266.82
2.6,1.9,4.0,2,277.3
2.8,1.9,4.0,0,279.16
2.8,1.9,4.0,1,266.5
2.8,1.9,4.0,2,277.34
3.0,1.9,4.0,0,271.5
3.0,1.9,4.0,1,265.44
3.0,1.9,4.0,2,273.18
3.2,1.9,4.0,0,265.1
3.2,1.9,4.0,1,269.46
3.2,1.9,4.0,2,271.26
3.4,1.9,4.0,0,250.24
3.4,1.9,4.0,1,272.4
3.4,1.9,4.0,2,272.08
3.6,1.9,4.0,0,250.0
3.6,1.9,4.0,1,250.0
3.6,1.9,4.0,2,250.0
3.8,1.9,4.0,0,250.0
3.8,1.9,4.0,1,250.0
3.8,1.9,4.0,2,250.0
0.0,2.0,0.0,0,283.94
0.0,2.0,0.0,1,283.22
0.0,2.0,0.0,2,278.92
0.2,2.0,6.0,0,274.32
0.2,2.0,6.0,1,2.86
0.2,2.0,6.0,2,5.72
0.4,2.0,6.0,0,259.92
0.4,2.0,6.0,1,2.86
0.4,2.0,6.0,2,5.72
0.6,2.0,6.0,0,278.94
0.6,2.0,6.0,1,278.94
0.6,2.0,6.0,2,278.5
0.8,2.0,6.0,0,276.34
0.8,2.0,6.0,1,271.38
0.8,2.0,6.0,2,279.42
1.0,2.0,6.0,0,277.04
1.0,2.0,6.0,1,284.92
1.0,2.0,6.0,2,282.1
1.2,2.0,6.0,0,268.64
1.2,2.0,6.0,1,277.02
1.2,2.0,6.0,2,280.76
1.4,2.0,6.0,0,273.22
1.4,2.0,6.0,1,266.28
1.4,2.0,6.0,2,282.32
1.6,2.0,6.0,0,262.92
1.6,2.0,6.0,1,264.56
1.6,2.0,6.0,2,278.5
1.8,2.0,6.0,0,261.84
1.8,2.0,6.0,1,270.0
1.8,2.0,6.0,2,267.82
2.0,2.0,6.0,0,259.48
2.0,2.0,6.0,1,262.46
2.0,2.0,6.0,2,262.22
2.2,2.0,6.0,0,260.72
2.2,2.0,6.0,1,260.7
2.2,2.0,6.0,2,267.46
2.4,2.0,6.0,0,262.14
2.4,2.0,6.0,1,250.0
2.4,2.0,6.0,2,260.9
2.6,2.0,6.0,0,250.0
2.6,2.0,6.0,1,261.18
2.6,2.0,6.0,2,250.0
2.8,2.0,6.0,0,250.0
2.8,2.0,6.0,1,250.0
2.8,2.0,6.0,2,250.0
3.0,2.0,6.0,0,250.0
3.0,2.0,6.0,1,250.0
3.0,2.0,6.0,2,250.0
3.2,2.0,6.0,0,225.0
3.2,2.0,6.0,1,250.0
3.2,2.0,6.0,2,250.0
3.4,2.0,6.0,0,189.06
3.4,2.0,6.0,1,250.0
3.4,2.0,6.0,2,146.26
3.6,2.0,6.0,0,158.5
3.6,2.0,6.0,1,148.58
3.6,2.0,6.0,2,147.98
3.8,2.0,6.0,0,119.1
3.8,2.0,6.0,1,86.24
3.8,2.0,6.0,2,115.02
0.0,2.1,0.0,0,285.14
0.0,2.1,0.0,1,281.0
0.0,2.1,0.0,2,282.54
0.2,2.1,6.0,0,277.02
0.2,2.1,6.0,1,5.72
0.2,2.1,6.0,2,5.72
0.4,2.1,6.0,0,217.18
0.4,2.1,6.0,1,262.86
0.4,2.1,6.0,2,242.9
0.6,2.1,6.0,0,273.06
0.6,2.1,6.0,1,282.02
0.6,2.1,6.0,2,272.24
0.8,2.1,6.0,0,284.86
0.8,2.1,6.0,1,277.26
0.8,2.1,6.0,2,284.92
1.0,2.1,6.0,0,280.72
1.0,2.1,6.0,1,281.24
1.0,2.1,6.0,2,277.36
1.2,2.1,6.0,0,281.62
1.2,2.1,6.0,1,280.76
1.2,2.1,6.0,2,279.18
1.4,2.1,6.0,0,276.2
1.4,2.1,6.0,1,275.88
1.4,2.1,6.0,2,283.92
1.6,2.1,6.0,0,267.46
1.6,2.1,6.0,1,284.3
1.6,2.1,6.0,2,269.02
1.8,2.1,6.0,0,271.32
1.8,2.1,6.0,1,264.56
1.8,2.1,6.0,2,261.74
2.0,2.1,6.0,0,264.08
2.0,2.1,6.0,1,262.9
2.0,2.1,6.0,2,269.14
2.2,2.1,6.0,0,260.2
2.2,2.1,6.0,1,258.7
2.2,2.1,6.0,2,268.38
2.4,2.1,6.0,0,250.0
2.4,2.1,6.0,1,262.4
2.4,2.1,6.0,2,250.0
2.6,2.1,6.0,0,250.0
2.6,2.1,6.0,1,250.0
2.6,2.1,6.0,2,250.0
2.8,2.1,6.0,0,250.0
2.8,2.1,6.0,1,250.0
2.8,2.1,6.0,2,250.0
3.0,2.1,6.0,0,250.0
3.0,2.1,6.0,1,250.0
3.0,2.1,6.0,2,250.0
3.2,2.1,6.0,0,250.0
3.2,2.1,6.0,1,136.92
3.2,2.1,6.0,2,250.0
3.4,2.1,6.0,0,142.8
3.4,2.1,6.0,1,154.86
3.4,2.1,6.0,2,183.22
3.6,2.1,6.0,0,201.98
3.6,2.1,6.0,1,92.58
3.6,2.1,6.0,2,155.44
3.8,2.1,6.0,0,122.0
3.8,2.1,6.0,1,99.78
3.8,2.1,6.0,2,181.72
0.0,2.2,0.0,0,279.6
0.0,2.2,0.0,1,282.06
0.0,2.2,0.0,2,284.16
0.2,2.2,6.0,0,271.46
0.2,2.2,6.0,1,274.36
0.2,2.2,6.0,2,271.52
0.4,2.2,6.0,0,262.92
0.4,2.2,6.0,1,2.86
0.4,2.2,6.0,2,2.86
0.6,2.2,6.0,0,266.54
0.6,2.2,6.0,1,282.92
0.6,2.2,6.0,2,278.02
0.8,2.2,6.0,0,279.32
0.8,2.2,6.0,1,278.4
0.8,2.2,6.0,2,276.52
1.0,2.2,6.0,0,285.02
1.0,2.2,6.0,1,281.34
1.0,2.2,6.0,2,282.48
1.2,2.2,6.0,0,276.5
1.2,2.2,6.0,1,281.26
1.2,2.2,6.0,2,282.48
1.4,2.2,6.0,0,281.02
1.4,2.2,6.0,1,270.1
1.4,2.2,6.0,2,261.52
1.6,2.2,6.0,0,266.06
1.6,2.2,6.0,1,273.52
1.6,2.2,6.0,2,261.88
1.8,2.2,6.0,0,262.96
1.8,2.2,6.0,1,266.64
1.8,2.2,6.0,2,267.84
2.0,2.2,6.0,0,264.24
2.0,2.2,6.0,1,264.2
2.0,2.2,6.0,2,262.62
2.2,2.2,6.0,0,259.7
2.2,2.2,6.0,1,262.92
2.2,2.2,6.0,2,257.52
2.4,2.2,6.0,0,252.82
2.4,2.2,6.0,1,253.44
2.4,2.2,6.0,2,250.0
2.6,2.2,6.0,0,250.0
2.6,2.2,6.0,1,250.0
2.6,2.2,6.0,2,250.0
2.8,2.2,6.0,0,250.0
2.8,2.2,6.0,1,250.0
2.8,2.2,6.0,2,250.0
3.0,2.2,6.0,0,250.0
3.0,2.2,6.0,1,250.0
3.0,2.2,6.0,2,250.0
3.2,2.2,6.0,0,208.52
3.2,2.2,6.0,1,250.0
3.2,2.2,6.0,2,153.34
3.4,2.2,6.0,0,250.0
3.4,2.2,6.0,1,201.52
3.4,2.2,6.0,2,121.2
3.6,2.2,6.0,0,183.22
3.6,2.2,6.0,1,127.92
3.6,2.2,6.0,2,83.24
3.8,2.2,6.0,0,109.32
3.8,2.2,6.0,1,99.24
3.8,2.2,6.0,2,116.58
0.0,2.3,0.0,0,282.22
0.0,2.3,0.0,1,284.34
0.0,2.3,0.0,2,279.18
0.2,2.3,10.0,0,2.86
0.2,2.3,10.0,1,279.92
0.2,2.3,10.0,2,271.4
0.4,2.3,10.0,0,279.54
0.4,2.3,10.0,1,283.86
0.4,2.3,10.0,2,277.22
0.6,2.3,10.0,0,284.28
0.6,2.3,10.0,1,280.38
0.6,2.3,10.0,2,278.9
0.8,2.3,10.0,0,275.38
0.8,2.3,10.0,1,271.56
0.8,2.3,10.0,2,282.38
1.0,2.3,10.0,0,271.62
1.0,2.3,10.0,1,274.54
1.0,2.3,10.0,2,272.24
1.2,2.3,10.0,0,256.78
1.2,2.3,10.0,1,261.44
1.2,2.3,10.0,2,259.04
1.4,2.3,10.0,0,254.74
1.4,2.3,10.0,1,256.86
1.4,2.3,10.0,2,253.22
1.6,2.3,10.0,0,250.0
1.6,2.3,10.0,1,250.0
1.6,2.3,10.0,2,250.0
1.8,2.3,10.0,0,250.0
1.8,2.3,10.0,1,250.0
1.8,2.3,10.0,2,250.0
2.0,2.3,10.0,0,250.0
2.0,2.3,10.0,1,250.0
2.0,2.3,10.0,2,250.0
2.2,2.3,10.0,0,225.56
2.2,2.3,10.0,1,239.02
2.2,2.3,10.0,2,201.32
2.4,2.3,10.0,0,132.3
2.4,2.3,10.0,1,155.7
2.4,2.3,10.0,2,223.58
2.6,2.3,10.0,0,28.32
2.6,2.3,10.0,1,109.68
2.6,2.3,10.0,2,79.32
2.8,2.3,10.0,0,64.4
2.8,2.3,10.0,1,35.2
2.8,2.3,10.0,2,57.74
3.0,2.3,10.0,0,23.42
3.0,2.3,10.0,1,31.26
3.0,2.3,10.0,2,19.64
3.2,2.3,10.0,0,11.02
3.2,2.3,10.0,1,22.0
3.2,2.3,10.0,2,45.7
3.4,2.3,10.0,0,0.0
3.4,2.3,10.0,1,3.58
3.4,2.3,10.0,2,30.58
3.6,2.3,10.0,0,0.0
3.6,2.3,10.0,1,0.0
3.6,2.3,10.0,2,0.0
3.8,2.3,10.0,0,0.0
3.8,2.3,10.0,1,0.0
3.8,2.3,10.0,2,0.0
0.0,2.4,0.0,0,278.44
0.0,2.4,0.0,1,284.34
0.0,2.4,0.0,2,280.48
0.2,2.4,10.0,0,262.98
0.2,2.4,10.0,1,2.86
0.2,2.4,10.0,2,265.74
0.4,2.4,10.0,0,282.04
0.4,2.4,10.0,1,274.28
0.4,2.4,10.0,2,280.72
0.6,2.4,10.0,0,280.64
0.6,2.4,10.0,1,282.16
0.6,2.4,10.0,2,285.06
0.8,2.4,10.0,0,283.38
0.8,2.4,10.0,1,281.5
0.8,2.4,10.0,2,274.3
1.0,2.4,10.0,0,266.3
1.0,2.4,10.0,1,256.62
1.0,2.4,10.0,2,271.7
1.2,2.4,10.0,0,268.22
1.2,2.4,10.0,1,263.42
1.2,2.4,10.0,2,256.72
1.4,2.4,10.0,0,249.3
1.4,2.4,10.0,1,254.78
1.4,2.4,10.0,2,252.7
1.6,2.4,10.0,0,250.0
1.6,2.4,10.0,1,250.0
1.6,2.4,10.0,2,250.0
1.8,2.4,10.0,0,250.0
1.8,2.4,10.0,1,250.0
1.8,2.4,10.0,2,250.0
2.0,2.4,10.0,0,250.0
2.0,2.4,10.0,1,250.0
2.0,2.4,10.0,2,250.0
2.2,2.4,10.0,0,231.82
2.2,2.4,10.0,1,124.66
2.2,2.4,10.0,2,180.86
2.4,2.4,10.0,0,122.98
2.4,2.4,10.0,1,160.22
2.4,2.4,10.0,2,140.68
2.6,2.4,10.0,0,63.68
2.6,2.4,10.0,1,69.56
2.6,2.4,10.0,2,173.7
2.8,2.4,10.0,0,36.78
2.8,2.4,10.0,1,71.98
2.8,2.4,10.0,2,75.82
3.0,2.4,10.0,0,48.8
3.0,2.4,10.0,1,30.96
3.0,2.4,10.0,2,7.84
3.2,2.4,10.0,0,49.98
3.2,2.4,10.0,1,0.0
3.2,2.4,10.0,2,29.4
3.4,2.4,10.0,0,16.6
3.4,2.4,10.0,1,0.0
3.4,2.4,10.0,2,0.0
3.6,2.4,10.0,0,0.0
3.6,2.4,10.0,1,0.0
3.6,2.4,10.0,2,0.0
3.8,2.4,10.0,0,0.0
3.8,2.4,10.0,1,0.0
3.8,2.4,10.0,2,0.0
